,eventid,iyear,imonth,iday,approxdate,extended,resolution,country,country_txt,region,region_txt,provstate,city,latitude,longitude,specificity,vicinity,location,summary,crit1,crit2,crit3,doubtterr,alternative,alternative_txt,multiple,success,suicide,attacktype1,attacktype1_txt,attacktype2,attacktype2_txt,attacktype3,attacktype3_txt,targtype1,targtype1_txt,targsubtype1,targsubtype1_txt,corp1,target1,natlty1,natlty1_txt,targtype2,targtype2_txt,targsubtype2,targsubtype2_txt,corp2,target2,natlty2,natlty2_txt,targtype3,targtype3_txt,targsubtype3,targsubtype3_txt,corp3,target3,natlty3,natlty3_txt,gname,gsubname,gname2,gsubname2,gname3,gsubname3,motive,guncertain1,guncertain2,guncertain3,individual,nperps,nperpcap,claimed,claimmode,claimmode_txt,claim2,claimmode2,claimmode2_txt,claim3,claimmode3,claimmode3_txt,compclaim,weaptype1,weaptype1_txt,weapsubtype1,weapsubtype1_txt,weaptype2,weaptype2_txt,weapsubtype2,weapsubtype2_txt,weaptype3,weaptype3_txt,weapsubtype3,weapsubtype3_txt,weaptype4,weaptype4_txt,weapsubtype4,weapsubtype4_txt,weapdetail,nkill,nkillus,nkillter,nwound,nwoundus,nwoundte,property,propextent,propextent_txt,propvalue,propcomment,ishostkid,nhostkid,nhostkidus,nhours,ndays,divert,kidhijcountry,ransom,ransomamt,ransomamtus,ransompaid,ransompaidus,ransomnote,hostkidoutcome,hostkidoutcome_txt,nreleased,addnotes,scite1,scite2,scite3,dbsource,INT_LOG,INT_IDEO,INT_MISC,INT_ANY,related
99868,201101120013,2011,1,12,,0,,4,Afghanistan,6,South Asia,Kabul,Kabul,34.516895,69.147011,1.0,0,"The attack took place in Kabul, Kabul, Afghanistan.","01/12/2011: On Wednesday morning at around 0800, in Kabul City, Kabul Province, Afghanistan, a militant driving an explosive-laden motorbike, rammed it into a National Directorate for Security (NDS) bus, killing two, including an NDS employee and injuring 27 others, including at least six NDS employees. The specific motive for the attack is unknown; however, the attack took place just a day after the visit of U.S. Vice President Joe Biden to Afghanistan and his meeting with President Hamid Karzai wherein he reassured Washington's long-term commitment to the militancy-plagued nation. The attack caused an unknown amount of property damage and the Taliban claimed responsibility for the attack.",1,1,1,0,,,0.0,1,1,3,Bombing/Explosion,,,,,19,Transportation,99.0,Bus (excluding tourists),National Directorate for Security,A National Directorate for Security (NDS) bus,4.0,Afghanistan,,,,,,,,,,,,,,,,,Taliban,,,,,,"The specific motive for the attack is unknown; however, the attack took place just a day after the visit of U.S. Vice President Joe Biden to Afghanistan and his meeting with President Hamid Karzai wherein he reassured Washington's long-term commitment to the militancy-plagued nation.",0.0,,,0,1.0,0.0,1.0,10.0,Unknown,,,,,,,,6,Explosives,15.0,Vehicle,,,,,,,,,,,,,A suicide bomber driving a motorcycle borne improvised explosive device was used in the attack.,3.0,0.0,1.0,27.0,0.0,0.0,1,3.0,Minor (likely < $1 million),,The attack caused an unknown amount of property damage to the bus and motorcycle.,0.0,,,,,,,,,,,,,,,,"The most recent available sources listed the fatalities for this attack from two to eight, so the majority casualty figures have been used in order to preserve statistical accuracy in the database. The available sources listed the injuries for this attack from 27 to 32 to 27, and because no majority figures were reported, the lowest proferred casualty figures were used in order to preserve statistical accuracy in the database.","Abdul Haleem, Yan Liang and Wang Guanqun, ""Taliban Strike on Security Organ Kills Three, Wounds 32 in Kabul,” Xinhua News Agency, January 12, 2011, http://news.xinhuanet.com/english2010/world/2011-01/12/c_13687799.htm.","New York Times, ""Suicide Bomber Strikes Bus in Afghan Capital,"" New York Times, January 12, 2011, http://www.nytimes.com/2011/01/13/world/asia/13afghan.html?adxnnl=1&ref=asia&adxnnlx=1294862460-Vn3JcfSSDuo8qkFZm62wFw.","Jane’s Intelligence, “Suicide Attack Kills Eight Afghan Security Force Personnel in Kabul,” Terrorism Watch Report, Al-Jazeera, January 12, 2011.",ISVG,0,0,0,0,
100084,201101280012,2011,1,28,,0,,4,Afghanistan,6,South Asia,Kabul,Kabul,34.516895,69.147011,1.0,0,The attack took place at the Finest Supermarket in the Wazir Akbar Khan area of Kabul.,"01/28/2011: On Friday, at the Finest Supermarket in the Wazir Akbar Khan area of Kabul city, Kabul province, Afghanistan, a suicide bomber detonated his explosive laden vest after opening fire inside the supermarket with an automatic rifle and throwing three or more grenades into the aisles, killing eight people and wounding six others. The deceased were all Afghan civilians, including a family of six and five of the wounded were foreigners. The nationalities of the foreigners are unknown, but it was reported that two Americans were among the victims; however, this report was not been confirmed. The store was left on fire and the attack caused damage to the store and nearby buildings. Taliban spokesman Zabiullah Mujahid claimed responsibility for the attack, saying that two important French nationals were the main targets of the attack. The suicide attacker was identified as Mohammed Shoaib from North Waziristan, Pakistan. Two other militants involved in the attack were identified as Talib Jan, who had helped organize the attack from inside prison by giving instructions to visitors, and Mohammed Khan, who was suspected of transporting the suicide attacker to the supermarket. Khan has been taken into custody by security officials.",1,1,1,0,,,0.0,1,1,3,Bombing/Explosion,,,,,1,Business,7.0,Retail/Grocery/Bakery,Finest Supermarket,Afghan and foreign civilians were targeted at the Finest Supermarket in Kabul.,4.0,Afghanistan,14.0,Private Citizens & Property,71.0,Race/Ethnicity Identified,,Two French nationals were the intended targets of the attack.,69.0,France,,,,,,,,,Taliban,,,,,,"The specific motive for the attack is unknown; however, Taliban spokesman Zabiullah Mujahid claimed responsibility for the attack, saying that two important French nationals were the main targets of the attack.",0.0,,,0,3.0,1.0,1.0,10.0,Unknown,,,,,,,,6,Explosives,13.0,Suicide (carried bodily by human being),6.0,Explosives,7.0,Grenade,5.0,Firearms,2.0,Automatic or Semi-Automatic Rifle,,,,,"A suicide explosive vest, three or more grenades and an automatic rifle were used in the attack.",9.0,0.0,1.0,6.0,,0.0,1,3.0,Minor (likely < $1 million),,The store was left on fire and the attack caused damage to the store and nearby buildings.,0.0,,,,,,,,,,,,,,,,"Taliban spokesman Zabiullah Mujahid claimed responsibility for the attack, saying that two important French nationals were the main targets of the attack. The most recent available sources listed the fatalities for this attack from eight to nine to 14, and the injuries for this attack from six to 15, so the majority casualty figures have been used in order to preserve statistical accuracy in the database. The nationalities of the foreigners are unknown, but it was reported that two Americans were among the victims; however, this report has not been confirmed.","Press TV, ""Blast in Afghan Capital Claims Lives,"" http://www.presstv.ir/detail/162376.html (January 28, 2011).","Rod Nordland and Taimoor Shah, ""Afghan Family Dies in Attack on Market,"" New York Times, January 29, 2011, http://www.nytimes.com/2011/01/30/world/asia/30kabul.html?ref=asia.","Daily Times, ""Suicide Blast Kills Afghan District Governor: Police,"" Agence France Presse, January 11, 2011, http://www.dailytimes.com.pk/default.asp?page=2011\02\11\story_11-2-2011_pg7_33.",ISVG,0,1,1,1,
100322,201102140004,2011,2,14,,0,,4,Afghanistan,6,South Asia,Kabul,Kabul,34.516895,69.147011,1.0,0,"The attack took place at the Kabul City Center shopping mall in Kabul city, Kabul province, Afghanistan.","02/14/2011: On Monday, in Kabul city, Kabul province, Afghanistan, a suicide bomber who was detected before entering the Kabul City Center shopping mall exchanged gunfire with security guards before detonating his improvised explosive vest, which killed three security guards and wounded two others. There were no reports of damage and the Taliban claimed responsibility for the attack.",1,1,1,0,,,0.0,1,1,3,Bombing/Explosion,2.0,Armed Assault,,,1,Business,7.0,Retail/Grocery/Bakery,Kabul City Center Shopping Mall,The target of the attack was a Kabul City Center shopping mall.,4.0,Afghanistan,14.0,Private Citizens & Property,67.0,Unnamed Civilian/Unspecified,,Civilians were targeted.,4.0,Afghanistan,,,,,,,,,Taliban,,,,,,The specific motive for the attack is unknown.,0.0,,,0,1.0,0.0,1.0,10.0,Unknown,,,,,,,,6,Explosives,13.0,Suicide (carried bodily by human being),,,,,,,,,,,,,A suicide improvised explosive vest was used in the attack.,4.0,0.0,1.0,2.0,0.0,0.0,-9,,,,It is unknown if the attack caused any property damage.,0.0,,,,,,,,,,,,,,,,,"Rod Nordland & Alissa J. Rubin, ""Afghan Guards Called Heroes after Thwarting Attack,"" New York Times, February 14, 2011, http://www.nytimes.com/2011/02/15/world/asia/15afghanistan.html?ref=asia.","Jane's Intelligence, ""Suicide Attack Kills Three Security Guards in Afghan Capital,"" Terrorism Watch Report, BBC, February 15, 2011.","Tolo News, ""Five Suicide Bombers Arrested in Kandahar,"" http://www.tolonews.com/en/afghanistan/1872-five-suicide-bombers-arrested-in-kandahar (February 15, 2011).",ISVG,0,0,0,0,
102191,201106280004,2011,6,28,,0,,4,Afghanistan,6,South Asia,Kabul,Kabul,34.516895,69.147011,1.0,0,,"06/28/2011: On Tuesday night, in Kabul, Afghanistan, nine assailants armed with AK-47 rifles stormed the entrance of the Intercontinental Hotel and detonated their improvised explosive devices, killing all nine of the bombers and causing an unknown amount of property damage. Two police officers and eight civilians were killed and eight others were wounded in the attack. The Taliban claimed responsibility for the incident.",1,1,1,0,,,0.0,1,1,3,Bombing/Explosion,2.0,Armed Assault,,,1,Business,8.0,Hotel/Resort,,A hotel,4.0,Afghanistan,3.0,Police,25.0,Police Security Forces/Officers,Afghan Law Enforcement.,Police officers were targeted.,4.0,Afghanistan,,,,,,,,,Taliban,,,,,,The specific motive for the attack is unknown.,0.0,,,0,9.0,0.0,1.0,,,,,,,,,,6,Explosives,13.0,Suicide (carried bodily by human being),5.0,Firearms,5.0,Unknown Gun Type,,,,,,,,,Unknown firearms and improvised explosive devices were used in the attack.,19.0,0.0,9.0,8.0,0.0,0.0,1,4.0,Unknown,,The attack caused an unknown amount of property damage.,0.0,,,,,,,,,,,,,,,,,"Jane's Intelligence, ""Complex Attack Leaves 10 Dead in Afghanistan's Kabul,"" Terrorism Watch Report, Al-Jazeera and Tolo TV, June 29, 2011.","Alissa J. Rubin, ""Raid by Afghan Forces and NATO Ends Attack on Hotel in Kabul,"" New York Times, June 29, 2011, http://www.nytimes.com/2011/06/30/world/asia/30afghanistan.html?_r=1&ref=asia.","Barbara Starr, ""U.S. Drone and Copter, Coalition Snipers Helped Afghans,"" CNN, June 29, 2011, http://www.cnn.com/2011/WORLD/asiapcf/06/29/afghanistan.hotel.coalition.role/index.html.",ISVG,0,0,0,0,
104459,201112060017,2011,12,6,,0,,4,Afghanistan,6,South Asia,Kabul,Kabul,34.516895,69.147011,1.0,0,Outside of the Abul Fazi shrine,"12/6/2011: A suicide bomber detonated his explosive vest outside of the Abul Fazi shrine in Kabul, Kabul, Afghanistan. The attack occurred during the Shiite holiday, Ashoura. At least 55 were killed and at least 134 were wounded. The Pakistani group Lashkar-e-Jhangvi claimed responsibility for the attack, but their actual involvement is unknown. No material damage was reported.",1,1,1,0,,,0.0,1,1,3,Bombing/Explosion,,,,,15,Religious Figures/Institutions,,,Shiite Shrine,Abul Fazi Shrine,4.0,Afghanistan,,,,,,,,,,,,,,,,,Lashkar-e-Jhangvi,,,,,,"The attack occurred outside of a Shiite shrine during one of the major holidays celebrated.  The group that has claimed responsibility (although those claims are unconfirmed), has been known to carry out similar attacks against Shiites in Pakistan.",1.0,,,0,1.0,0.0,1.0,2.0,Call (post-incident),,,,,,,0.0,6,Explosives,13.0,Suicide (carried bodily by human being),,,,,,,,,,,,,Suicide bomber wore a suicide vest.,56.0,0.0,1.0,134.0,0.0,0.0,0,,,,No statement made regarding property damage,0.0,,,,,,,,,,,,,,,,The number of reported wounded ranges from 134-150.,"Viola Gienger and Eltaf Najafizada, ""Karzai Skips U.S. Trip as Blasts Spur Fear of Sectarian Violence,"" Bloomburg, December 7, 2011.","Jon Bonne and Saeed Shah, ""Kabul suicide bomb kills at least 55,"" Irish Times, December 7, 2011.","Ali Safi, ""Dozens killed in Kabul suicide attack,"" Seattle Times, December 8, 2011.",START Primary Collection,1,1,0,1,
107046,201204150015,2012,4,15,,0,,4,Afghanistan,6,South Asia,Kabul,Kabul,34.516895,69.147014,1.0,0,"Attack occurred at the Kabul Star Hotel in Kabul, Kabul Province, Afghanistan","04/15/2012: Assailants attacked the Star Hotel in Kabul city, Kabul province, Afghanistan. This was one of 21 coordinated attacks in Afghanistan on this day, across which 51 people, including 36 assailants, were killed and 74 others wounded. The Haqqani Network claimed responsibility for all of the incidents.",1,1,1,0,,,1.0,1,0,3,Bombing/Explosion,2.0,Armed Assault,,,1,Business,8.0,Hotel/Resort,Star Hotel,Building,4.0,Afghanistan,,,,,,,,,,,,,,,,,Haqqani Network,,,,,,"The Haqqani Network clamed responsibility for the incident and stated that the attack was part of a larger pattern of violence designed to mark the start of the group's spring offensive.  Mujahid claimed that the 18-hour offensive was in revenge for actions by American military forces, including the murder of 17 civilians by a United States (US) soldier and the burning of Korans at a military base.  The spokesperson also claimed the attacks were designed to be a message in direct response to foreign commanders who claimed that the group had lost momentum.",0.0,,,0,-99.0,0.0,1.0,8.0,Personal claim,,,,,,,,6,Explosives,16.0,Unknown Explosive Type,5.0,Firearms,2.0,Automatic or Semi-Automatic Rifle,,,,,,,,,,3.0,0.0,2.0,4.0,0.0,,1,4.0,Unknown,-99.0,A hotel was damaged in this attack.,0.0,,,,,,,,,,,,,,,,"Casualty numbers represent a division of the total number of those killed across incidents 201204150009, 201204150011, 201204150013, 201204150014, 201204150015, 201204150016, 201204150017, 201204150019, 201204150020, 201204150021, 201204150022, 201204150023, 201204150029, 201204150030, 201204150031, 201204150032, 201204150033, 201204150034, 201204150035, 201204150047, 201204150048, and 201204160018.","""Afghanistan   attackers   take over hotel,   police   say,"" CNN Wire, April 15, 2012.","""Taliban attacks target NATO, Western embassies; Long Planned; Revenge against American troops,"" The Gazette (Montreal), April 16, 2012.","""Complex Attack By Taliban Sends Message To West,"" The New York Times, April 16, 2012.",START Primary Collection,0,1,0,1,"201204150009, 201204150011, 201204150013, 201204150014, 201204150015, 201204150016, 201204150017, 201204150019, 201204150020, 201204150021, 201204150022, 201204150023, 201204150029, 201204150030, 201204150031, 201204150032, 201204150033, 201204150034, 201204150035, 201204150047, 201204150048"
111005,201209180001,2012,9,18,,0,,4,Afghanistan,6,South Asia,Kabul,Kabul,34.516895,69.147014,1.0,0,,"09/18/2012: A female suicide bomber drove her car into a minibus carrying foreigners who worked at Kabul International Airport in Kabul city, Kabul province, Afghanistan. In addition to the bomber, 12 people died and eight were injured in the attack. Hizb-i-Islami claimed responsibility for the incident, stating that it was in retaliation for an anti-Islamic film made in the United States.",1,1,1,0,,,0.0,1,1,3,Bombing/Explosion,,,,,19,Transportation,99.0,Bus (excluding tourists),Unknown,Bus,4.0,Afghanistan,,,,,,,,,,,,,,,,,Hizb-I-Islami,,,,,,Hizb-l-Islami claimed responsibility for the incident and stated that they attacked the bus in retaliation for an anti-Islam film insulting the Prophet Muhammad that was produced in the United States.,0.0,,,0,1.0,0.0,1.0,2.0,Call (post-incident),,,,,,,,6,Explosives,15.0,Vehicle,,,,,,,,,,,,,A station wagon was used in the attack.,13.0,0.0,1.0,8.0,0.0,0.0,1,3.0,Minor (likely < $1 million),-99.0,A minibus was damaged in this attack.,0.0,,,,,,,,,,,,,,,,"Casualty numbers for this attack conflict across sources. Following GTD protocol, the majority estimates are reported here.","""Suicide attack in Kabul, 10 dead: officials,"" Agence France Presse -- English, September 18, 2012.","""Hezb-i-Islami claims Kabul attack to avenge film: spokesman,"" Agence France Presse -- English, September 18, 2012.","""Suicide bomber kills 12 in Afghan capital,"" Japan Economic Newswire, September 18, 2012.",START Primary Collection,0,0,0,0,
123485,201311160001,2013,11,16,,0,,4,Afghanistan,6,South Asia,Kabul,Kabul,34.516895,69.147014,1.0,0,,"11/16/2013: A suicide bomber in an explosives-laden vehicle detonated near a compound in Kabul city, Kabul province, Afghanistan. In addition to the bomber at least 13 people, including both civilians and security personnel, were killed and another 29 were injured in the blast. The compound, which was to be used as the venue for the Loya Jirga meeting on November 21, 2013, and surrounding buildings were damaged. The Taliban claimed responsibility for the incident.",1,1,1,0,,,0.0,1,1,3,Bombing/Explosion,,,,,14,Private Citizens & Property,67.0,Unnamed Civilian/Unspecified,Not Applicable,Meeting of Tribal Elders,4.0,Afghanistan,4.0,Military,34.0,"Military Personnel (soldiers, troops, officers, forces)",Afghan National Security Force (ANSF),Soldiers,4.0,Afghanistan,,,,,,,,,Taliban,,,,,,"The specific motive is unknown; however, sources speculated that the attack was designed to deter Afghanistan from signing a security pact with the United States.",0.0,,,0,-99.0,0.0,1.0,4.0,E-mail,,,,,,,,6,Explosives,15.0,Vehicle,,,,,,,,,,,,,,14.0,0.0,1.0,29.0,0.0,0.0,1,4.0,Unknown,-99.0,Seventeen vehicles and eighteen shops were damaged in this attack.,0.0,,,,,,,,,,,,,,,,"Casualty numbers for this attack conflict across sources. Following GTD protocol, the majority estimates are reported here.","""Deadly bombing near Kabul compound,"" BBC, November 16, 2013.","""At least 13 killed in Kabul suicide attack,"" Philippines News Agency, November 17, 2013.","""At least 13 killed in Kabul suicide attack,"" Xinhua News Agency, November 17, 2013.",START Primary Collection,0,0,0,0,
126593,201401290018,2014,1,29,,0,,4,Afghanistan,6,South Asia,Kabul,Kabul,34.516895,69.147014,1.0,0,Incident occurred in Gul Khana Square area,"01/29/2014: An explosive device detonated in the Gul Khana Square area of Kabul city, Kabul province, Afghanistan. At least three people were killed and three others were wounded as a result of the blast. No group claimed responsibility for the incident.",1,1,1,0,,,0.0,1,0,3,Bombing/Explosion,,,,,14,Private Citizens & Property,67.0,Unnamed Civilian/Unspecified,Not Applicable,Civilians,4.0,Afghanistan,,,,,,,,,,,,,,,,,Unknown,,,,,,,0.0,,,0,-99.0,0.0,0.0,,,,,,,,,,6,Explosives,16.0,Unknown Explosive Type,,,,,,,,,,,,,,3.0,0.0,0.0,3.0,0.0,0.0,0,,,,,0.0,,,,,,,,,,,,,,,,"Casualty numbers for this attack conflict across sources. Following GTD protocol, the most reliable estimates are reported here.","""3 of family dead in Kabul explosion,"" Afghanistan Times, January 29, 2014.","""Program Summary: Kandahar Radio Woranga Pashto 1330 GMT 29 January 2014,"" Radio Woranga, January 29, 2014.",,START Primary Collection,-9,-9,0,-9,
129074,201403200005,2014,3,20,,0,,4,Afghanistan,6,South Asia,Kabul,Kabul,34.516895,69.147014,1.0,0,,"03/20/2014: Assailants opened fire on a restaurant in the Serena Hotel in Kabul city, Kabul province, Afghanistan. At least 13 people, including a dual Bangladeshi-United States (US) citizen, a journalist, and four assailants, were killed and six others were wounded in the assault. The Taliban claimed responsibility for the incident.",1,1,1,0,,,0.0,1,0,2,Armed Assault,,,,,1,Business,2.0,Restaurant/Bar/Café,Serena Hotel,Hotel Restaurant,4.0,Afghanistan,10.0,Journalists & Media,56.0,Other (including online news agencies),Agence France Press (AFP),Journalist: Sardar Ahmed,4.0,Afghanistan,14.0,Private Citizens & Property,67.0,Unnamed Civilian/Unspecified,Not Applicable,Civilians,999.0,Multinational,Taliban,,,,,,,0.0,,,0,4.0,0.0,1.0,8.0,Personal claim,,,,,,,,5,Firearms,3.0,Handgun,,,,,,,,,,,,,"Four small handguns, which were initially concealed in the attackers' socks, were used in the attack.",13.0,1.0,4.0,6.0,0.0,0.0,1,3.0,Minor (likely < $1 million),-99.0,A hotel was damaged in this attack.,0.0,,,,,,,,,,,,,,,,"Casualty numbers for this incident conflict across sources. Following GTD protocol, the majority reliable estimates are reported here.","""Four foreigners killed in Taliban attack on Kabul hotel identified,"" Xinhua News Agency, March 21, 2014.","""9 killed in Taliban's hotel attack in Afghan capital: official,"" Xinhua News Agency, March 21, 2014.","""In Afghanistan, Taliban carry out two attacks, raiding hotel, police station, killing at least 18,"" Washington Post, March 21, 2014.",START Primary Collection,0,1,1,1,
140643,201411180001,2014,11,18,,0,,4,Afghanistan,6,South Asia,Kabul,Kabul,34.516895,69.147014,1.0,0,The incident occurred in the Green Village neighborhood of the city.,"11/18/2014: A suicide bomber detonated an explosives-laden vehicle at the gates of the HART International Compound in Green Village neighborhood, Kabul city, Kabul province, Afghanistan. In addition to the bomber, at least two security guards were killed and three other people were injured in the blast. Following the explosion, two additional assailants were killed attempting to enter the compound. The Taliban claimed responsibility for the attack.",1,1,1,0,,,0.0,1,1,3,Bombing/Explosion,,,,,1,Business,13.0,Private Security Company/Firm,HART International,Compound,422.0,International,,,,,,,,,,,,,,,,,Taliban,,,,,,,0.0,,,0,3.0,0.0,1.0,4.0,E-mail,,,,,,,,6,Explosives,15.0,Vehicle,,,,,,,,,,,,,A suicide truck bomb was used in the attack.,5.0,0.0,3.0,3.0,0.0,0.0,1,4.0,Unknown,-99.0,A military base was damaged in this attack.,0.0,,,,,,,,,,,,,,,,"Casualty numbers for this incident conflict across sources. Following GTD protocol, the majority reliable estimates are reported here.","""Truck bomb hits foreign base in Afghan capital, kills two,"" Reuters, November 18, 2014.","""Deadly blast at Kabul's foreign camp,"" BBC, November 18, 2014.","""Car bombing hits foreign forces' base in Kabul, killing two,"" Xinhua News Agency, November 18, 2014.",START Primary Collection,0,1,1,1,
140698,201411190001,2014,11,19,,0,,4,Afghanistan,6,South Asia,Kabul,Kabul,34.516895,69.147014,1.0,0,The incident occurred in the Green Village area of the city.,"11/19/2014: A suicide bomber in an explosives-laden vehicle detonated near the Green Village Compound in Green Village neighborhood, Kabul city, Kabul province, Afghanistan. In addition to the bomber, at least three people were injured in the blast. Following the explosion, three additional assailants were killed attempting to enter the compound. The Taliban claimed responsibility for the attack.",1,1,1,0,,,0.0,1,1,3,Bombing/Explosion,2.0,Armed Assault,,,13,Other,66.0,Demilitarized Zone (including Green Zone),Green Village,Compound,422.0,International,,,,,,,,,,,,,,,,,Taliban,,,,,,,0.0,,,0,4.0,0.0,1.0,2.0,Call (post-incident),,,,,,,,6,Explosives,15.0,Vehicle,5.0,Firearms,5.0,Unknown Gun Type,,,,,,,,,A suicide car bomb was used in the attack.,4.0,0.0,4.0,3.0,0.0,0.0,1,3.0,Minor (likely < $1 million),-99.0,A gate was damaged in this attack.,0.0,,,,,,,,,,,,,,,,"Casualty numbers for this incident conflict across sources. Following GTD protocol, the most recent reliable estimates are reported here.","""Suicide blast targets foreigners' compound in Kabul,"" Agence France Presse -- English, November 19, 2014.","""Suicide attackers target foreign compound in Kabul,"" Agence France Presse -- English, November 19, 2014.","""4 Taliban   militants   killed in failed Afghan attack,"" The Associated Press, November 19, 2014.",START Primary Collection,0,1,1,1,
140995,201411270004,2014,11,27,,0,,4,Afghanistan,6,South Asia,Kabul,Kabul,34.516895,69.147014,1.0,0,The incident occurred in the Wazir Akbar Khan neighborhood,"11/27/2014: A suicide bomber detonated an explosives-laden vehicle near the entrance of International Relief and Development, a Non-Governmental Organization (NGO), in Wazir Akbar Khan neighborhood, Kabul city, Kabul province, Afghanistan. Following the explosion, at least two assailants attacked a nearby guesthouse with rocket-propelled grenades (RPGs) and gunfire. At least three assailants were killed and one person was injured in the attack. The Taliban claimed responsibility for the incident.",1,1,1,0,,,0.0,1,1,3,Bombing/Explosion,2.0,Armed Assault,,,12,NGO,62.0,International NGO,International Relief and Development,Compound,422.0,International,,,,,,,,,,,,,,,,,Taliban,,,,,,,0.0,,,0,3.0,0.0,1.0,7.0,"Posted to website, blog, etc.",,,,,,,,6,Explosives,13.0,Suicide (carried bodily by human being),5.0,Firearms,5.0,Unknown Gun Type,,,,,,,,,A suicide vest was used in the attack.,3.0,0.0,3.0,1.0,0.0,0.0,0,,,,,0.0,,,,,,,,,,,,,,,,"Casualty numbers for this incident conflict across sources. Following GTD protocol, the majority reliable estimates are reported here.","""Taliban attack rocks upscale Kabul district,"" The Associated Press, November 27, 2014.","""Afghanistan: Suicide attack rocks Wazir Akbar Khan area in Kabul city,"" Khaama Press, November 28, 2014.","""5th LD writethru: Explosions, gun battle in Kabul kill 3 suicide bombers,"" Xinhua General News Service, November 27, 2014.",START Primary Collection,0,1,1,1,
145428,201503070006,2015,3,7,,0,,4,Afghanistan,6,South Asia,Kabul,Kabul,34.516895,69.147014,1.0,0,,"03/07/2015: Assailants opened fire on a Sufi mosque in Kabul city, Kabul province, Afghanistan. Five people were killed and six others were wounded in the attack. No group claimed responsibility for the incident.",1,1,1,0,,,0.0,1,0,2,Armed Assault,,,,,15,Religious Figures/Institutions,86.0,Place of Worship,Bahadur Aaq Monastery,Sufi Mosque,4.0,Afghanistan,,,,,,,,,,,,,,,,,Unknown,,,,,,,0.0,,,0,2.0,0.0,0.0,,,,,,,,,,5,Firearms,3.0,Handgun,,,,,,,,,,,,,Handguns fitted with silencers were used in the attack.,5.0,0.0,0.0,6.0,0.0,0.0,0,,,,,0.0,,,,,,,,,,,,,,,,"Casualty numbers for this incident conflict across sources. Following GTD protocol, the lowest reliable estimates are reported here.","""Six killed in gunmen attack on Sufi place of worship in Kabul,"" Reuters, March 7, 2015.","""6 killed in Afghan capital mosque attack,"" Xinhua News Agency, March 7, 2015.","""Highlights: Pakistan Pashto Press 9 March, 2015,"" OSC Summary, March 9, 2015.",START Primary Collection,-9,-9,0,-9,
147625,201504290072,2015,4,29,,0,,4,Afghanistan,6,South Asia,Kabul,Kabul,34.516895,69.147014,1.0,0,The incident occurred in the Wazir Akbar Khan neighborhood,"04/29/2015: Assailants attacked Wazir Akbar Khan neighborhood, Kabul city, Kabul province, Afghanistan. Four assailants were killed during the attack. The Taliban claimed responsibility for the incident.",1,1,1,0,,,0.0,1,0,3,Bombing/Explosion,2.0,Armed Assault,,,14,Private Citizens & Property,75.0,Village/City/Town/Suburb,Wazir Akbar Khan Neighborhood,Neighborhood,4.0,Afghanistan,,,,,,,,,,,,,,,,,Taliban,,,,,,The Taliban claimed responsibility for the incident and stated that Wazir Akbar Khan district was targeted because the group believed it was housing foreign installations.,0.0,,,0,4.0,0.0,1.0,7.0,"Posted to website, blog, etc.",,,,,,,,6,Explosives,16.0,Unknown Explosive Type,5.0,Firearms,2.0,Automatic or Semi-Automatic Rifle,,,,,,,,,,4.0,0.0,4.0,0.0,0.0,0.0,-9,,,,It is unknown if any property was damaged in this attack.,0.0,,,,,,,,,,,,,,,,,"""Taliban welcome Afghan peace efforts after informal talks in Qatar,"" Daily Mirror Sri Lanka, May 4, 2015.",,,START Primary Collection,0,0,0,0,
150669,201507110051,2015,7,11,,0,,4,Afghanistan,6,South Asia,Kabul,Kabul,34.516895,69.147014,1.0,0,The incident occurred in the Bagrami neighborhood,"07/11/2015: Two suicide bombers on a motorcycle detonated before reaching their target in Bagrami neighborhood, Kabul city, Kabul province, Afghanistan. In addition to the two assailants, three people were killed and one person was injured in the blast. No group claimed responsibility for the incident.",1,1,1,0,,,0.0,1,1,3,Bombing/Explosion,,,,,20,Unknown,,,Unknown,Unknown,,,,,,,,,,,,,,,,,,,Unknown,,,,,,,0.0,,,0,2.0,0.0,0.0,,,,,,,,,,6,Explosives,15.0,Vehicle,,,,,,,,,,,,,An explosives-laden motorcycle was used in the attack.,5.0,0.0,2.0,1.0,0.0,0.0,0,,,,,0.0,,,,,,,,,,,,,,,,"Casualty numbers for this incident conflict across sources. Following GTD protocol, the lowest reliable estimates are reported here.","""Xinhua: 1st LD: Two Suicide Bombers Killed In Afghan Capital Explosion,"" Xinhua, July 11, 2015.","""Afghan police say Kabul blast kills five,"" Afghan Islamic Press, July 11, 2015.","""Two suicide bombers killed in Kabul,"" Big News Network, July 11, 2015.",START Primary Collection,-9,-9,1,1,
154190,201510080007,2015,10,8,,0,,4,Afghanistan,6,South Asia,Kabul,Kabul,34.516895,69.147014,1.0,0,,"10/08/2015: Two suicide bombers armed with explosives and firearms attack the Kolbah Solh Restaurant in western Kabul city, Kabul province, Afghanistan. Two civilians and both assailants were killed and three civilians were injured in the assault. No group claimed responsibility for the incident; however, sources attributed the attack to the Taliban.",1,1,1,0,,,0.0,1,1,3,Bombing/Explosion,,,,,1,Business,2.0,Restaurant/Bar/Café,Kolbah Solh Restaurant,Restaurant,4.0,Afghanistan,,,,,,,,,,,,,,,,,Taliban,,,,,,"The specific motive is unknown; however, sources posited that the Taliban targeted Kolbah Solh Restaurant because the group believed it was ""spreading vulgarity.""",0.0,,,0,2.0,0.0,0.0,,,,,,,,,,6,Explosives,13.0,Suicide (carried bodily by human being),6.0,Explosives,7.0,Grenade,5.0,Firearms,2.0,Automatic or Semi-Automatic Rifle,,,,,Hand grenades and AK-47 assault rifles were used in the attack.,4.0,0.0,2.0,3.0,0.0,0.0,-9,,,,It is unknown if any property was damaged in this attack.,0.0,,,,,,,,,,,,,,,,,"""Gunmen among 4 perished in Kabul restaurant attack,"" Frontier Post, October 10, 2015.","""ISIS claims responsibility for the attack on religious hall in Kabul,"" Khaama Press, October 9, 2015.","""2 militants killed after attacking a restaurant in Kabul city,"" Khaama Press, October 9, 2015.",START Primary Collection,0,0,0,0,
156107,201511240008,2015,11,24,,0,,4,Afghanistan,6,South Asia,Kabul,Kabul,34.516895,69.147014,1.0,0,The incident occurred in the Afshar area.,"11/24/2015: An explosive device detonated at the Kabul Education University in Afshar area, Kabul city, Kabul province, Afghanistan. Three civilians were killed in the blast. No group claimed responsibility for the incident.",1,1,1,0,,,0.0,1,0,3,Bombing/Explosion,,,,,8,Educational Institution,49.0,School/University/Educational Building,Kabul Education University,University,4.0,Afghanistan,,,,,,,,,,,,,,,,,Unknown,,,,,,,0.0,,,0,-99.0,0.0,0.0,,,,,,,,,,6,Explosives,17.0,Other Explosive Type,,,,,,,,,,,,,An explosives-laden cooker was used in the attack.,3.0,0.0,0.0,0.0,0.0,0.0,-9,,,,It is unknown if any property was damaged in this attack.,0.0,,,,,,,,,,,,,,,,,"""Afghan agency says 11 people killed in Kabul blasts,"" Afghan Islamic Press, November 24, 2015.","""6 killed in Afghan capital blasts,"" Xinhua General News Service, November 24, 2015.","""Afghan Capital Blasts Kills Six,"" New Indian Express, November 24, 2015.",START Primary Collection,-9,-9,0,-9,
157466,201601010010,2016,1,1,,0,,4,Afghanistan,6,South Asia,Kabul,Kabul,34.516895,69.147014,1.0,0,The incident occurred in the Taimani neighborhood on Street 9.,"01/01/2016: A suicide bomber detonated an explosives-laden vehicle at Le Jardin restaurant in Taimani neighborhood, Kabul city, Kabul province, Afghanistan. Two people were killed and 18 people were injured in the blast. The Taliban claimed responsibility for the attack.",1,1,1,0,,,0.0,1,1,3,Bombing/Explosion,,,,,1,Business,2.0,Restaurant/Bar/Café,Le Jardin,Restaurant,4.0,Afghanistan,,,,,,,,,,,,,,,,,Taliban,,,,,,,0.0,,,0,3.0,1.0,1.0,8.0,Personal claim,,,,,,,,6,Explosives,15.0,Vehicle,,,,,,,,,,,,,,3.0,0.0,1.0,18.0,0.0,0.0,1,4.0,Unknown,-99.0,A restaurant and an unknown number of houses were damaged in this attack.,0.0,,,,,,,,,,,,,,,,"Casualty numbers for this incident conflict across sources. Following GTD protocol, the most recent reliable estimates are reported here.","""Taliban Attack Kabul Restaurant, Setting Off Shootout,"" New York Times, January 1, 2016.","""Suicide bombing hits restaurant in Afghan capital Kabul,"" Reuters, January 1, 2016.","""Afghanistan: 4 terrorists killed in premature truck bombing in Herat,"" Khaama Press, January 3, 2016.",START Primary Collection,0,0,0,0,
165546,201607230001,2016,7,23,,0,,4,Afghanistan,6,South Asia,Kabul,Kabul,34.516895,69.147014,1.0,0,The incident occurred in the 3rd police district.,"07/23/2016: Two suicide bombers detonated targeting a Hazara protest in Kabul, Afghanistan. A third assailant was shot and killed before successfully detonating. In addition to the three assailants, at least 80 people were killed and 230 people were injured in the blasts. The Khorasan Chapter of the Islamic State claimed responsibility for the incident.",1,1,1,0,,,0.0,1,1,3,Bombing/Explosion,,,,,14,Private Citizens & Property,83.0,Protester,Not Applicable,Protesters,4.0,Afghanistan,,,,,,,,,,,,,,,,,Khorasan Chapter of the Islamic State,,,,,,"The specific motive is unknown; however, sources suspected that the victims, who were members of the Hazara Shiite community, may have been targeted as part of a larger trend of sectarian violence between Afghanistan's majority Sunni and minority Shiite communities.",0.0,,,0,3.0,0.0,1.0,7.0,"Posted to website, blog, etc.",,,,,,,,6,Explosives,13.0,Suicide (carried bodily by human being),,,,,,,,,,,,,Three explosives-laden belts were used in the attack.,83.0,0.0,3.0,230.0,0.0,0.0,-9,,,,,0.0,,,,,,,,,,,,,,,,"Casualty numbers for this incident conflict across sources. Following GTD protocol, the lowest reliable estimates are reported here.","""ISIS targets minority group; 80 dead,"" CNN, July 23, 2016.","""Deadly blast hits Kabul protest march,"" BBC, July 23, 2016.","""Twin blasts at Kabul rally leave 80 dead, 231 hurt,"" Qatar Tribune, July 24, 2016.",START Primary Collection,0,1,0,1,
165903,201608010013,2016,8,1,,0,,4,Afghanistan,6,South Asia,Kabul,Kabul,34.516895,69.147014,1.0,0,The incident occurred in the Dispichri area of the 9th police district.,"08/01/2016: A suicide bomber detonated an explosives-laden vehicle at North Gate Hotel in Dispichri neighborhood, Kabul, Afghanistan. Following the blast, assailants wearing suicide vests and armed with projectiles and firearms attacked the hotel. At least four people, including one Afghan Police officer and three assailants, were killed and three other officers were injured in the blast and ensuing clash. The Taliban claimed responsibility and stated that the attack was carried out in retaliation for the death of their leader.",1,1,1,0,,,0.0,1,1,3,Bombing/Explosion,2.0,Armed Assault,,,1,Business,8.0,Hotel/Resort,North Gate Hotel,Hotel,4.0,Afghanistan,,,,,,,,,,,,,,,,,Taliban,,,,,,"The Taliban claimed responsibility for the incident and stated that the attack was carried out in retaliation for the death of Taliban leader, Mullah Akhtar Muhammad Mansur.",0.0,,,0,4.0,0.0,1.0,7.0,"Posted to website, blog, etc.",,,,,,,,6,Explosives,15.0,Vehicle,6.0,Explosives,11.0,"Projectile (rockets, mortars, RPGs, etc.)",5.0,Firearms,2.0,Automatic or Semi-Automatic Rifle,,,,,"An explosives-laden truck, rocket-propelled grenades (RPGs), and assault rifles were used in the attack.",4.0,0.0,3.0,3.0,0.0,0.0,1,3.0,Minor (likely < $1 million),-99.0,Unspecified property was damaged in this attack.,0.0,,,,,,,,,,,,,,,,"Casualty numbers for this incident conflict across sources. Following GTD protocol, the majority reliable estimates are reported here.","""Kabul's 'foreign base' hit by Taliban,"" BBC, August 1, 2016.","""1st LD: 4 killed, 3 injured in Kabul massive truck bombing: police,"" Xinhua General News Service, August 1, 2016.","""Truck Bomber, Gunmen Attack Foreigners' Hotel In Kabul,"" Radio Free Europe, August 1, 2016.",START Primary Collection,0,0,0,0,
167212,201609050002,2016,9,5,,0,,4,Afghanistan,6,South Asia,Kabul,Kabul,34.516895,69.147014,1.0,0,,"09/05/2016: A suicide bomber detonated near the Defense Ministry in Kabul, Afghanistan. This was one of two coordinated suicide attacks in the area on the same day. In addition to the assailants, at least 41 people were killed and 110 people were injured in both blasts. The Taliban claimed responsibility for the incidents.",1,1,1,0,,,1.0,1,1,3,Bombing/Explosion,,,,,14,Private Citizens & Property,67.0,Unnamed Civilian/Unspecified,Not Applicable,Civilians,4.0,Afghanistan,,,,,,,,,,,,,,,,,Taliban,,,,,,,0.0,,,0,1.0,0.0,1.0,7.0,"Posted to website, blog, etc.",,,,,,,,6,Explosives,13.0,Suicide (carried bodily by human being),,,,,,,,,,,,,,22.0,0.0,1.0,55.0,0.0,0.0,1,4.0,Unknown,-99.0,Unspecified property was damaged in this attack,0.0,,,,,,,,,,,,,,,,"Casualty numbers represent a division of the total number of those killed and wounded across incidents 201609050002 and 201609050003. Additionally, casualty numbers conflict across sources. Following GTD protocol, the most recent reliable estimates are reported here.","""Afghanistan: Kabul suicide toll rises to 41 dead, 110 wounded: Officials,"" Khaama Press Online, September 7, 2016.","""Death toll in Kabul twin suicide blasts rise to 37; AFGHANISTAN ATTACK,"" EFE Newswire - Americas in Focus, September 6, 2016.","""Roundup: String of insurgent attacks in Kabul cause panic among Afghans, leaving many in distress,"" Xinhua General News Service, September 6, 2016.",START Primary Collection,0,0,0,0,"201609050002, 201609050003"
167213,201609050003,2016,9,5,,0,,4,Afghanistan,6,South Asia,Kabul,Kabul,34.516895,69.147014,1.0,0,,"09/05/2016: A suicide bomber detonated near the Defense Ministry in Kabul, Afghanistan. This was one of two coordinated suicide attacks in the area on the same day. In addition to the assailants, at least 41 people were killed and 110 people were injured in both blasts. The Taliban claimed responsibility for the incidents.",1,1,1,0,,,1.0,1,1,3,Bombing/Explosion,,,,,14,Private Citizens & Property,67.0,Unnamed Civilian/Unspecified,Not Applicable,Civilians,4.0,Afghanistan,,,,,,,,,,,,,,,,,Taliban,,,,,,,0.0,,,0,1.0,0.0,1.0,7.0,"Posted to website, blog, etc.",,,,,,,,6,Explosives,13.0,Suicide (carried bodily by human being),,,,,,,,,,,,,,21.0,0.0,1.0,55.0,0.0,0.0,1,4.0,Unknown,-99.0,Unspecified property was damaged in this attack.,0.0,,,,,,,,,,,,,,,,"Casualty numbers represent a division of the total number of those killed and wounded across incidents 201609050002 and 201609050003. Additionally, casualty numbers conflict across sources. Following GTD protocol, the most recent reliable estimates are reported here.","""Afghanistan: Kabul suicide toll rises to 41 dead, 110 wounded: Officials,"" Khaama Press Online, September 7, 2016.","""Death toll in Kabul twin suicide blasts rise to 37; AFGHANISTAN ATTACK,"" EFE Newswire - Americas in Focus, September 6, 2016.","""Roundup: String of insurgent attacks in Kabul cause panic among Afghans, leaving many in distress,"" Xinhua General News Service, September 6, 2016.",START Primary Collection,0,0,0,0,"201609050002, 201609050003"
168527,201610110006,2016,10,11,,0,,4,Afghanistan,6,South Asia,Kabul,Kabul,34.516895,69.147014,1.0,0,The incident occurred in the Karte Sakhi shrine area.,"10/11/2016: An assailant opened fire at the Karte Sakhi shrine in Kabul, Afghanistan. At least 15 people, including the assailant, were killed and 36 others were injured in the attack. This was one of two attacks on religious institutions in Kabul on this date. The Khorasan Chapter of the Islamic State claimed responsibility for the incident, identifying the assailant as Ali Jan.",1,1,1,0,,,1.0,1,0,2,Armed Assault,,,,,15,Religious Figures/Institutions,87.0,Affiliated Institution,Karte Sakhi Shrine,Shrine,4.0,Afghanistan,,,,,,,,,,,,,,,,,Khorasan Chapter of the Islamic State,,,,,,"The specific motive is unknown; however, sources posited that the attack was part of a larger trend of sectarian violence between Afghanistan's majority Sunni and minority Shiite communities.",0.0,,,0,1.0,0.0,1.0,7.0,"Posted to website, blog, etc.",,,,,,,,6,Explosives,7.0,Grenade,5.0,Firearms,2.0,Automatic or Semi-Automatic Rifle,5.0,Firearms,3.0,Handgun,,,,,"Grenades, machine guns, an AK-47 assault rifle, and a pistol were used in the attack.",15.0,0.0,1.0,36.0,0.0,0.0,-9,,,,,0.0,,,,,,,,,,,,,,,,"Casualty numbers conflict across sources. Following GTD protocol, the majority reliable estimates are reported here.","""Gunman kills 14 at Shiite shrine in Kabul,"" CNN, October 11, 2016.","""Gunmen target Shia worshipers marking Ashoura in Kabul,"" Al Jazeera, October 11, 2016.","""ISKP Foments Sectarianism,"" Daily Outlook, October 22, 2016.",START Primary Collection,0,1,0,1,"201610110006, 201610110048"
170153,201611210001,2016,11,21,,0,,4,Afghanistan,6,South Asia,Kabul,Kabul,34.516895,69.147014,1.0,0,The incident occurred in the Char Qala area.,"11/21/2016: A suicide bomber detonated at the Baqir Olum mosque in Char Qala, Kabul, Afghanistan. In addition to the assailant, at least 27 people were killed and 35 people were injured in the blast. The Khorasan Chapter of the Islamic State claimed responsibility for the incident.",1,1,1,0,,,0.0,1,1,3,Bombing/Explosion,,,,,15,Religious Figures/Institutions,86.0,Place of Worship,Unknown,Shiite Mosque,4.0,Afghanistan,,,,,,,,,,,,,,,,,Khorasan Chapter of the Islamic State,,,,,,"The specific motive is unknown; however, sources suspected that the attack, which targeted a Shiite mosque, may have been targeted as part of a larger trend of sectarian violence between Afghanistan's majority Sunni and minority Shiite communities.",0.0,,,0,1.0,0.0,1.0,7.0,"Posted to website, blog, etc.",,,,,,,,6,Explosives,13.0,Suicide (carried bodily by human being),,,,,,,,,,,,,An explosives-laden vest was used in the attack.,28.0,0.0,1.0,35.0,0.0,0.0,1,4.0,Unknown,-99.0,A mosque was damaged in this attack.,0.0,,,,,,,,,,,,,,,,"Casualty numbers conflict across sources. Following GTD protocol, the lowest reliable estimates are reported here.","""At least 27 die in Kabul mosque bombing,"" The Statesman (AsiaNet), November 22, 2016.","""Daesh Claims Responsibility For Kabul Mosque Bombing,"" Tolo News, November 22, 2016.","""Kabul mosque attack death toll at 27 - police,"" Channel NewsAsia, November 21, 2016.",START Primary Collection,0,1,0,1,
171790,201701100003,2017,1,10,,0,,4,Afghanistan,6,South Asia,Kabul,Kabul,34.516895,69.147014,1.0,0,The incident occurred along the Darulaman Road.,"01/10/2017: A suicide bomber detonated an explosives-laden vehicle targeting rescue personnel and civilians gathering in response to an earlier bombing near the parliament building along Darulaman road in Kabul, Afghanistan. This was one of two coordinated attacks at the same location in a short period of time. At least 38 people were killed and 72 people were injured across both events. The Taliban claimed responsibility for the incident and accused the victims of working for the Afghan intelligence agency.",1,1,1,0,,,1.0,1,1,3,Bombing/Explosion,,,,,14,Private Citizens & Property,67.0,Unnamed Civilian/Unspecified,Not Applicable,Civilians,4.0,Afghanistan,3.0,Police,25.0,Police Security Forces/Officers,Afghan Police,Officers,4.0,Afghanistan,,,,,,,,,Taliban,,,,,,The Taliban claimed responsibility for the incident and accused the victims of working for the Afghan intelligence agency.,0.0,,,0,-99.0,0.0,1.0,8.0,Personal claim,,,,,,,,6,Explosives,15.0,Vehicle,,,,,,,,,,,,,,20.0,0.0,1.0,36.0,0.0,0.0,-9,,,,,0.0,,,,,,,,,,,,,,,,"Casualty numbers conflict across sources. Following GTD protocol, the majority reliable estimates are reported here. Casualty numbers represent a division of the total number of those killed and wounded across incidents 201701100002 and 201701100003.","""Kabul explosions: 21 killed near Afghan parliament compound,"" CNN, January 10, 2017.","""36 Afghan parliament staff killed in Kabul attack,"" Khaama Press, January 11, 2017.","""Afghanistan Taliban claim Kabul double bomb attack near American University,"" CBS News, January 10, 2017.",START Primary Collection,0,0,0,0,"201701100002, 201701100003"
176949,201706150021,2017,6,15,,0,,4,Afghanistan,6,South Asia,Kabul,Kabul,34.516895,69.147014,1.0,0,The incident occurred in the Dasht-e-Barchi area of the city.,"06/15/2017: Two suicide bombers armed with firearms attacked Al Zahra Mosque in Dasht-e-Barchi, Kabul, Afghanistan. In addition to the two assailants, four people were killed and seven people were injured in the attack. The Khorasan Chapter of the Islamic State claimed responsibility for the incident.",1,1,1,0,,,0.0,1,1,3,Bombing/Explosion,,,,,15,Religious Figures/Institutions,86.0,Place of Worship,Al Zahra Mosque,Mosque,4.0,Afghanistan,3.0,Police,25.0,Police Security Forces/Officers,Afghan Police,Officers,4.0,Afghanistan,,,,,,,,,Khorasan Chapter of the Islamic State,,,,,,,0.0,,,0,2.0,0.0,1.0,7.0,"Posted to website, blog, etc.",,,,,,,,6,Explosives,13.0,Suicide (carried bodily by human being),5.0,Firearms,3.0,Handgun,,,,,,,,,Explosives-laden vests and handguns were used in the attack.,6.0,0.0,2.0,7.0,0.0,0.0,1,4.0,Unknown,-99.0,A mosque was damaged in this attack.,0.0,,,,,,,,,,,,,,,,"The victims include Ramazan Husainzada Haji Ramazan. Casualty numbers conflict across sources. Following GTD protocol, the majority reliable estimates are reported here.","""Kabul attack: 'Blast and gunfire' at Shia mosque,"" BBC, June 15, 2017.","""4 At Least 6 Killed In Kabul Mosque Explosion,"" Tolo News, June 17, 2017.","""4 killed, 7 injured in Kabul mosque attack: official,"" Xinhua General News Service, June 15, 2017.",START Primary Collection,0,1,0,1,
179322,201708250001,2017,8,25,,0,,4,Afghanistan,6,South Asia,Kabul,Kabul,34.516895,69.147014,1.0,0,The incident occurred in the Qala-e Najara area of the 11th police district.,"08/25/2017: Four assailants, armed with grenades, firearms, and knives attacked the Imam Zaman Mosque in Qala-e Najara, Kabul, Afghanistan. In addition to the four assailants, at least one of whom was a suicide bomber, 28 people were killed and 50 others were injured in the attack. The Khorasan Chapter of the Islamic State claimed responsibility for the incident, stating that the attack was in response to a cleric promoting the killing of Khorasan Chapter members.",1,1,1,0,,,0.0,1,1,3,Bombing/Explosion,2.0,Armed Assault,,,15,Religious Figures/Institutions,86.0,Place of Worship,Imam Zaman Mosque,Mosque,4.0,Afghanistan,,,,,,,,,,,,,,,,,Khorasan Chapter of the Islamic State,,,,,,"The Khorasan Chapter of the Islamic State claimed responsibility for the incident and stated that the attack was carried out in response to the mosque's imam promoting the defeat of the Islamic State of Iraq and the Levant (ISIL) in Mosul. Additionally, sources posited that the victims, who were predominantly members of the Shia Muslim community, may have been targeted as part of a larger trend of sectarian violence between Afghanistan's majority Sunni and minority Shia communities.",0.0,,,0,4.0,0.0,1.0,7.0,"Posted to website, blog, etc.",,,,,,,,6,Explosives,13.0,Suicide (carried bodily by human being),6.0,Explosives,7.0,Grenade,5.0,Firearms,2.0,Automatic or Semi-Automatic Rifle,,,,,"Multiple 12-kilogram explosives-laden vests, grenades, Kalashnikov assault rifles, and knives were used in the attack.",32.0,0.0,4.0,50.0,0.0,0.0,1,3.0,Minor (likely < $1 million),-99.0,A mosque was damaged in this attack.,0.0,,,,,,,,,,,,,,,,"Casualty numbers conflict across sources. Following GTD protocol, the majority reliable estimates are reported here.","""Death toll from attack on Afghan Shia rises to 28,"" Al Jazeera, August 26, 2017.","""Death Toll Rises To 28 In Kabul Shi'ite Mosque Attack,"" Radio Free Europe, August 26, 2017.","""At least 30 reported slain in Kabul siege,"" The Washington Post, August 26, 2017.",START Primary Collection,0,1,0,1,
179505,201708290006,2017,8,29,,0,,4,Afghanistan,6,South Asia,Kabul,Kabul,34.516895,69.147014,1.0,0,The incident occurred in the Microrayan-e-Duwum area of the 9th police district.,"08/29/2017: A suicide bomber detonated targeting a New Kabul Bank branch in Microrayan-e-Duwum, Kabul, Afghanistan. In addition to the assailant, at least five people were killed and eight people were injured in the blast. A second assailant was arrested by security forces at the scene. The Taliban claimed responsibility for the attack.",1,1,1,0,,,0.0,1,1,3,Bombing/Explosion,,,,,1,Business,3.0,Bank/Commerce,New Kabul Bank (NKB),Bank,4.0,Afghanistan,,,,,,,,,,,,,,,,,Taliban,,,,,,,0.0,,,0,2.0,1.0,1.0,4.0,E-mail,,,,,,,,6,Explosives,13.0,Suicide (carried bodily by human being),,,,,,,,,,,,,,6.0,0.0,1.0,8.0,0.0,0.0,1,3.0,Minor (likely < $1 million),-99.0,A bank and nearby property were damaged in this attack.,0.0,,,,,,,,,,,,,,,,"Casualty numbers conflict across sources. Following GTD protocol, the majority reliable estimates are reported here.","""Taliban bomber kills five at Kabul bank,"" The Washington Post, August 30, 2017.","""2nd LD Writethru: Suicide attack in Kabul claims 5 lives, wounds 8,"" Xinhua General News Service, August 29, 2017.","""Suicide attack near NKB in Kabul claims 5 lives,"" SalamWatandar.com, August 29, 2017.",START Primary Collection,0,0,0,0,
180379,201709290011,2017,9,29,,0,,4,Afghanistan,6,South Asia,Kabul,Kabul,34.516895,69.147014,1.0,0,The incident occurred in the Qala-e-Fathullah neighborhood in the 10th police district.,"09/29/2017: A suicide bomber detonated targeting a Shia Muslim mosque in Qala-e-Fathullah, Kabul, Afghanistan. In addition to the assailant, five civilians were killed and 20 others were injured in the blast. The Khorasan Chapter of the Islamic State claimed responsibility for the incident.",1,1,1,0,,,0.0,1,1,3,Bombing/Explosion,,,,,15,Religious Figures/Institutions,86.0,Place of Worship,Unknown,Shia Mosque,4.0,Afghanistan,14.0,Private Citizens & Property,67.0,Unnamed Civilian/Unspecified,Not Applicable,Civilians,4.0,Afghanistan,,,,,,,,,Khorasan Chapter of the Islamic State,,,,,,"The specific motive is unknown; however, sources suspected that the victims, predominantly Shia Muslims, were targeted as part of a larger trend of sectarian violence between Afghanistan's majority Sunni and minority Shia communities.",0.0,,,0,1.0,0.0,1.0,7.0,"Posted to website, blog, etc.",,,,,,,,6,Explosives,13.0,Suicide (carried bodily by human being),,,,,,,,,,,,,An explosives-laden vest was used in the attack.,6.0,0.0,1.0,20.0,0.0,0.0,0,,,,,0.0,,,,,,,,,,,,,,,,"Casualty numbers conflict across sources. Following GTD protocol, the majority reliable estimates are reported here.","""IS claims responsibility for suicide bombing near Kabul Shiite mosque,"" Deutsche Presse-Agentur, September 29, 2017.","""Suicide bomb blast near Kabul mosque blast kills five,"" Al Jazeera, September 29, 2017.","""Death toll rises to five in Kabul blast,"" Ani News, September 29, 2017.",START Primary Collection,0,1,0,1,
180978,201710200010,2017,10,20,,0,,4,Afghanistan,6,South Asia,Kabul,Kabul,34.516895,69.147014,1.0,0,The incident occurred in the 6th police district.,"10/20/2017: A suicide bomber detonated inside of the Imam Zaman mosque in Kabul, Afghanistan. In addition to the assailant, at least 56 people were killed and 55 people were injured in the blast. The Khorasan Chapter of the Islamic State claimed responsibility for the attack.",1,1,1,0,,,0.0,1,1,3,Bombing/Explosion,,,,,15,Religious Figures/Institutions,86.0,Place of Worship,Imam Zaman Mosque,Mosque,4.0,Afghanistan,,,,,,,,,,,,,,,,,Khorasan Chapter of the Islamic State,,,,,,,0.0,,,0,1.0,0.0,1.0,7.0,"Posted to website, blog, etc.",,,,,,,,6,Explosives,13.0,Suicide (carried bodily by human being),,,,,,,,,,,,,An explosives-laden vest was used in the attack.,57.0,0.0,1.0,55.0,0.0,0.0,1,3.0,Minor (likely < $1 million),-99.0,A mosque was damaged in this attack.,0.0,,,,,,,,,,,,,,,,"Casualty numbers conflict across sources. Following GTD protocol, the most recent reliable estimates are reported here.","""Afghanistan- Taliban Kill 13 Police Officers in Kunduz Raid,"" Global English (Middle East and North Africa Financial Network), October 29, 2017.","""Taliban attacks on Afghan military increase,"" The Financial Daily, October 26, 2017.","""At least 72 killed in bombings on two Afghan mosques,"" TRT World, October 21, 2017.",START Primary Collection,0,1,0,1,
182311,201712080006,2017,12,8,,0,,4,Afghanistan,6,South Asia,Kabul,Kabul,34.516895,69.147014,1.0,0,The incident occurred in the Sar-e-Kariz area of the Qala-e-Shada neighborhood.,"12/08/2017: An explosive device detonated in Sar-e-Kariz, Kabul, Afghanistan. At least seven people were killed and nine others were injured in the blast. No group claimed responsibility for the incident.",1,1,1,1,4.0,Lack of Intentionality,0.0,1,0,3,Bombing/Explosion,,,,,14,Private Citizens & Property,67.0,Unnamed Civilian/Unspecified,Not Applicable,Civilians,4.0,Afghanistan,,,,,,,,,,,,,,,,,Unknown,,,,,,,0.0,,,0,-99.0,0.0,0.0,,,,,,,,,,6,Explosives,29.0,Sticky Bomb,,,,,,,,,,,,,A magnetic explosive device was used in the attack.,7.0,0.0,0.0,9.0,0.0,0.0,1,3.0,Minor (likely < $1 million),-99.0,Three vehicles were damaged in this attack.,0.0,,,,,,,,,,,,,,,,"There is doubt that this incident meets terrorism-related criteria. Sources noted that the blast may have been caused by the accidental explosion of a gas cylinder. Casualty numbers conflict across sources. Following GTD protocol, the most recent reliable estimates are reported here.","""Afghanistan: Kabul Explosion Kills Two, Injures Six,"" Tolo News, December 8, 2017.","""Death toll in Afghan capital blast increases,"" Tolo News, December 8, 2017.","""Xinhua: 2nd LD Writethru: 2 Killed, 6 Wounded In Kabul Bomb Attack,"" Xinhua, December 8, 2017.",START Primary Collection,-9,-9,0,-9,
182774,201712280001,2017,12,28,,0,,4,Afghanistan,6,South Asia,Kabul,Kabul,34.516895,69.147014,1.0,0,The incident occurred in the Pule Sokhtia area.,"12/28/2017: A suicide bomber detonated an explosive vest and at least two other explosive devices in a building that houses both the Tebyan cultural center and the Afghan Voice Agency in Pule Sokhtia, Kabul, Afghanistan. In addition the assailant, 50 people were killed and at least 81 others were injured in the attack. The Khorasan Chapter of the Islamic State claimed responsibility for the incident.",1,1,1,0,,,0.0,1,1,3,Bombing/Explosion,,,,,15,Religious Figures/Institutions,87.0,Affiliated Institution,Tebyan Cultural Center,Shiite Cultural Center,4.0,Afghanistan,10.0,Journalists & Media,,,Afghan Voice Agency,Building,4.0,Afghanistan,14.0,Private Citizens & Property,67.0,Unnamed Civilian/Unspecified,Not Applicable,Civilians,4.0,Afghanistan,Khorasan Chapter of the Islamic State,,,,,,"The specific motive is unknown; however, sources suspected that the attack, which targeted a Shia culture center, may have been part of a larger trend of sectarian violence between Afghanistan's Sunni majority and Shia minority communities.",0.0,,,0,1.0,0.0,1.0,7.0,"Posted to website, blog, etc.",,,,,,,,6,Explosives,29.0,Sticky Bomb,6.0,Explosives,13.0,Suicide (carried bodily by human being),,,,,,,,,Two magnetic explosive devices and an explosives-laden vest were used in the attack.,51.0,0.0,1.0,81.0,0.0,0.0,1,4.0,Unknown,-99.0,A cultural center was damaged in this attack.,0.0,,,,,,,,,,,,,,,,"Casualty numbers conflict across sources. Following GTD protocol, the most recent reliable estimates are reported here.","""Kabul bombing: Death toll rises to 50,"" Anadolu Agency (AA), December 30, 2017.","""Dozens dead, wounded in 3 blasts in Afghan capital, authorities say,"" CBS News, December 28, 2017.","""Over 41 killed in Kabul suicide attack: local media,"" Frontier Post, December 28, 2017.",START Primary Collection,0,1,0,1,
184927,201803170004,2018,3,17,,0,,4,Afghanistan,6,South Asia,Kabul,Kabul,34.516895,69.147014,1.0,0,The incident occurred in the 9th police district of the city,"03/17/2018: A suicide bomber detonated an explosives-laden vehicle targeting a G4S Secure Solutions vehicle in the 9th police district of Kabul, Afghanistan. In addition to the assailant, three civilians were killed and four others were injured in the blast. The Taliban claimed responsibility for the incident.",1,1,1,0,,,0.0,1,1,3,Bombing/Explosion,,,,,1,Business,13.0,Private Security Company/Firm,G4S Secure Solutions,Vehicle,999.0,Multinational,14.0,Private Citizens & Property,67.0,Unnamed Civilian/Unspecified,Not Applicable,Civilians,4.0,Afghanistan,,,,,,,,,Taliban,,,,,,,0.0,,,0,1.0,0.0,1.0,4.0,E-mail,,,,,,,,6,Explosives,15.0,Vehicle,,,,,,,,,,,,,,4.0,0.0,1.0,4.0,0.0,0.0,-9,,,,,0.0,,,,,,,,,,,,,,,,"Casualty numbers conflict across sources. Following GTD protocol, the most recent reliable estimates are reported here.","""Suicide Bomber Kills Two in Kabul, Say Police,"" News18.com, March 17, 2018.","""Suicide car bombing kills 3 civilians in Afghan capital,"" Anadolu Ajansi, March 17, 2018.","""Suicide Car-Bomb Attack Kills At Least Three In Kabul,"" Radio Free Europe, March 17, 2018.",START Primary Collection,0,1,1,1,
185020,201803210001,2018,3,21,,0,,4,Afghanistan,6,South Asia,Kabul,Kabul,34.516895,69.147014,1.0,0,The incident occurred in the 3rd police district of the city,"03/21/2018: A suicide bomber detonated an explosives-laden motorcycle near a Shia shrine in the 3rd police district of Kabul, Afghanistan. In addition to the suicide bomber, 29 people were killed and 52 others were wounded in the blast. The Khorasan Chapter of the Islamic State claimed responsibility for the incident.",1,1,1,0,,,0.0,1,1,3,Bombing/Explosion,,,,,15,Religious Figures/Institutions,86.0,Place of Worship,Unknown,Shia Shrine,4.0,Afghanistan,,,,,,,,,,,,,,,,,Khorasan Chapter of the Islamic State,,,,,,"The specific motive is unknown; however, sources noted that the victims were celebrating Nowruz, the Persian New Year, at the time of the attack.",0.0,,,0,1.0,0.0,1.0,7.0,"Posted to website, blog, etc.",,,,,,,,6,Explosives,13.0,Suicide (carried bodily by human being),,,,,,,,,,,,,,30.0,0.0,1.0,52.0,0.0,0.0,-9,,,,,0.0,,,,,,,,,,,,,,,,"Casualty numbers conflict across sources. Following GTD protocol, the majority reliable estimates are reported here.","""'Dozens killed' in explosion near Kabul University,"" Al Jazeera, March 21, 2018.","""Suicide bomber kills at least 26 people and wounds 18 in Kabul attack,"" TRT World, March 21, 2018.","""Casualties Feared In Kabul Explosion,"" Tolo News, March 21, 2018.",START Primary Collection,0,1,0,1,
186103,201804300003,2018,4,30,,0,,4,Afghanistan,6,South Asia,Kabul,Kabul,34.516895,69.147014,1.0,0,The incident occurred in the Sash Darak area of the 9th police district,"04/30/2018: A suicide bomber detonated near the National Directorate of Security (NDS) in Sash Darak, Kabul, Afghanistan. In addition to the assailant, four people were killed and five others were injured in the blast. This was one of two coordinated suicide bombings that occurred in Kabul on this date. The Khorasan Chapter of the Islamic State claimed responsibility for the incidents.",1,1,1,0,,,1.0,1,1,3,Bombing/Explosion,,,,,14,Private Citizens & Property,67.0,Unnamed Civilian/Unspecified,Not Applicable,Civilians,4.0,Afghanistan,,,,,,,,,,,,,,,,,Khorasan Chapter of the Islamic State,,,,,,,0.0,,,0,1.0,0.0,1.0,7.0,"Posted to website, blog, etc.",,,,,,,,6,Explosives,13.0,Suicide (carried bodily by human being),,,,,,,,,,,,,An explosives-laden vest was used in the attack.,5.0,0.0,1.0,5.0,0.0,0.0,0,,,,,0.0,,,,,,,,,,,,,,,,"Casualty numbers conflict across sources. Following GTD protocol, the most recent reliable estimates are reported here.","""Eight journalists among 29 killed in twin Afghanistan blasts,"" CNN, April 30, 2018.","""Death toll rises to 40 in Kabul bomb blasts,"" The Indian Awaaz, May 1, 2018.","""Kabul attacks: Death toll rises to 29, ISIS claims responsibility,"" India Blooms, April 30, 2018.",START Primary Collection,0,1,0,1,"201804300003, 201804300004"
189283,201808150001,2018,8,15,,0,,4,Afghanistan,6,South Asia,Kabul,Kabul,34.516895,69.147014,1.0,0,The incident occurred in the Dasht-e-Barchi area of the city,"08/15/2018: A suicide bomber detonated an explosives-laden belt targeting Mowoud Academy in Dasht Barchi, Kabul, Afghanistan. In addition to the assailant, 34 people were killed and 56 people were injured in the blast. The Khorasan Chapter of the Islamic State claimed responsibility for the incident.",1,1,1,0,,,0.0,1,1,3,Bombing/Explosion,,,,,8,Educational Institution,49.0,School/University/Educational Building,Mawoud Academy,Education Training Center,4.0,Afghanistan,,,,,,,,,,,,,,,,,Khorasan Chapter of the Islamic State,,,,,,,0.0,,,0,1.0,0.0,1.0,7.0,"Posted to website, blog, etc.",,,,,,,,6,Explosives,13.0,Suicide (carried bodily by human being),,,,,,,,,,,,,An explosives-laden belt was used in the attack.,35.0,0.0,1.0,56.0,0.0,0.0,-9,,,,,0.0,,,,,,,,,,,,,,,,"Casualty numbers conflict across sources. Following GTD protocol, the most recent reliable estimates are reported here.","""ISIS claims responsibility for the deadly attack in Kabul city,"" Khaama Press, August 16, 2018.","""Afghanistan Revises Death Toll from Attack on Kabul Education Center,"" Latin American Herald Tribune, August 16, 2018.","""Dozens killed as bomber hits college students in Afghan capital,"" CBS News, August 15, 2018.",START Primary Collection,0,1,0,1,
189763,201809050004,2018,9,5,,0,,4,Afghanistan,6,South Asia,Kabul,Kabul,34.516895,69.147014,1.0,0,The incident occurred in the Dasht-e-Barchi neighborhood of the 6th police district.,"09/05/2018: A suicide bomber shot and killed a security guard and detonated explosives at Moalem wrestling club in Dasht-e-Barchi, Kabul, Afghanistan. This was one of two related bombings at Moalem wrestling club on this day. In addition to the assailant, 26 people were killed and 91 others were injured across both blasts. The Khorasan Chapter of the Islamic State claimed responsibility for the incidents.",1,1,1,0,,,1.0,1,1,3,Bombing/Explosion,,,,,1,Business,11.0,Entertainment/Cultural/Stadium/Casino,Moalem Wrestling Club,Wrestling Training Center,4.0,Afghanistan,,,,,,,,,,,,,,,,,Khorasan Chapter of the Islamic State,,,,,,,0.0,,,0,1.0,0.0,1.0,7.0,"Posted to website, blog, etc.",,,,,,,,6,Explosives,13.0,Suicide (carried bodily by human being),5.0,Firearms,5.0,Unknown Gun Type,,,,,,,,,An explosives-laden vest and firearms were used in the attack.,14.0,0.0,1.0,46.0,0.0,0.0,1,3.0,Minor (likely < $1 million),-99.0,A wrestling club was damaged in this attack.,0.0,,,,,,,,,,,,,,,,"Casualty numbers represent a division of the total number of those killed and wounded across incidents 201809050004 and 201809050005. Casualties numbers conflict across sources. Following GTD protocol, the most recent reliable estimates are reported here.","""Islamic State claims twin Kabul bomb attack that killed at least 26,"" dpa-AFX International ProFeed, September 6, 2018.","""Death toll climbs to 26 in Kabul bombings, 91 others are wounded: MoI,"" Khaama Press, September 6, 2018.","""Islamic State Claims Responsibility For Deadly Kabul Bomb Attack,"" Radio Free Europe, September 6, 2018.",START Primary Collection,0,1,0,1,"201809050004, 201809050005"
189858,201809090004,2018,9,9,,0,,4,Afghanistan,6,South Asia,Kabul,Kabul,34.516895,69.147014,1.0,0,The incident occurred in Taimani area of the 4th police district.,"09/09/2018: A suicide bomber detonated an explosives-laden motorcycle targeting a procession of civilians commemorating the death of Ahmad Shah Massoud in Taimani, Kabul, Afghanistan. In addition to the assailant, at least seven people were killed and 24 people were injured in the blast. This was one of two related suicide bombings in Kabul on this date. The Khorasan Chapter of the Islamic State claimed responsibility for the incident.",1,1,1,0,,,1.0,1,1,3,Bombing/Explosion,,,,,14,Private Citizens & Property,78.0,"Procession/Gathering (funeral, wedding, birthday, religious)",Not Applicable,Ahmad Shah Massoud Memorial Procession,4.0,Afghanistan,,,,,,,,,,,,,,,,,Khorasan Chapter of the Islamic State,,,,,,,0.0,,,0,1.0,0.0,1.0,4.0,E-mail,,,,,,,,6,Explosives,15.0,Vehicle,,,,,,,,,,,,,An explosives-laden motorcycle was used in the attack.,8.0,0.0,1.0,24.0,0.0,0.0,1,3.0,Minor (likely < $1 million),-99.0,Windows of nearby buildings were damaged in this attack.,0.0,,,,,,,,,,,,,,,,"Casualty numbers conflict across sources. Following GTD protocol, the majority reliable estimates are reported here.","""Kabul blast hits procession for Ahmed Shah Massoud,"" Al Jazeera, September 9, 2018.","""ISIS claims suicide attack on the supporters of Massoud in Kabul,"" Khaama Press, September 10, 2018.","""Two killed in suicide bomb attack on Kabul commemorations,"" Saudi Gazette, September 9, 2018.",START Primary Collection,0,1,0,1,"201809090004, 201809090005"
191578,201811120006,2018,11,12,,0,,4,Afghanistan,6,South Asia,Kabul,Kabul,34.516895,69.147014,1.0,0,The incident occurred in the 2nd police district.,"11/12/2018: A suicide bomber detonated an explosives-laden belt targeting anti-Taliban protesters in the 2nd police district of Kabul, Afghanistan. In addition to the assailant, six civilians were killed and 20 civilians were injured in the blast. The Khorasan Chapter of the Islamic State claimed responsibility for the incident.",1,1,1,0,,,0.0,1,1,3,Bombing/Explosion,,,,,14,Private Citizens & Property,83.0,Protester,Not Applicable,Anti-Taliban Protest,4.0,Afghanistan,,,,,,,,,,,,,,,,,Khorasan Chapter of the Islamic State,,,,,,"The specific motive is unknown; however, sources posited that the attack targeted members of the Hazara Shia community, which may have been part of a larger trend of sectarian violence between Afghanistan's majority Sunni and minority Shia communities.",0.0,,,0,1.0,0.0,1.0,7.0,"Posted to website, blog, etc.",,,,,,,,6,Explosives,13.0,Suicide (carried bodily by human being),,,,,,,,,,,,,An explosives-laden belt was used in the attack.,7.0,0.0,1.0,20.0,0.0,0.0,-9,,,,,0.0,,,,,,,,,,,,,,,,"Casualty numbers conflict across sources. Following GTD protocol, the majority reliable estimates are reported here.","""Deadly Suicide Bombing Targets Protesters In Kabul,"" Radio Free Europe, November 12, 2018.","""IS claims deadly Kabul attack, says propaganda agency,"" Malay Mail, November 12, 2018.","""Casualties Feared As Explosion Rocks Kabul,"" Tolo News, November 12, 2018.",START Primary Collection,0,1,0,1,
191812,201811200001,2018,11,20,,0,,4,Afghanistan,6,South Asia,Kabul,Kabul,34.516895,69.147014,1.0,0,The incident occurred in the 10th police district of the city.,"11/20/2018: A suicide bomber detonated an explosives-laden vest at a wedding hall where religious scholars and clerics had gathered to celebrate the birth of the prophet Muhammad in Kabul, Afghanistan. In addition to the assailant, 55 people were killed and 94 people were injured in the blast. No group claimed responsibility for the incident; however, sources suspected that either the Khorasan Chapter of the Islamic State or the Taliban were responsible for the attack. The Taliban denied responsibility.",1,1,1,0,,,0.0,1,1,3,Bombing/Explosion,,,,,15,Religious Figures/Institutions,85.0,Religious Figure,Unknown,Religious Scholars,4.0,Afghanistan,,,,,,,,,,,,,,,,,Khorasan Chapter of the Islamic State,,Taliban,,,,,1.0,1.0,,0,1.0,0.0,0.0,,,0.0,,,,,,,6,Explosives,13.0,Suicide (carried bodily by human being),,,,,,,,,,,,,An explosives-laden vest was used in the attack.,56.0,0.0,1.0,94.0,0.0,0.0,1,3.0,Minor (likely < $1 million),-99.0,A wedding hall was damaged in this attack.,0.0,,,,,,,,,,,,,,,,"Casualty numbers conflict across sources. Following GTD protocol, the most recent reliable estimates are reported here.","""Toll in Afghan attack climbs to 55, Taliban denies responsibility,"" United News of India, November 21, 2018.","""Death toll rises in suicide bombing of Islamic gathering in Kabul,"" Washington Post, November 21, 2018.","""Group behind Kabul attack a mystery,"" Straits Times, November 21, 2018.",START Primary Collection,0,1,0,1,
194252,201903070008,2019,3,7,,0,,4,Afghanistan,6,South Asia,Kabul,Kabul,34.523842,69.140304,1.0,0,The incident occurred in the Dasht-e-Barchi area of the 6th police district area.,"03/07/2019: Assailants fired mortars at a ceremony commemorating the anniversary of the death of a Shia Hazara leader in Dasht-e-Barchi, Kabul, Afghanistan. At least 11 civilians were killed and 95 people, including eight bodyguards, were injured in the attack. The Khorasan Chapter of the Islamic State claimed responsibility for the incident. Sources also attributed the attack to the Taliban, which the group denied.",1,1,1,0,,,0.0,1,0,3,Bombing/Explosion,,,,,14,Private Citizens & Property,78.0,"Procession/Gathering (funeral, wedding, birthday, religious)",Not Applicable,Abdul Ali Mazari Remembrance Ceremony,4.0,Afghanistan,2.0,Government (General),18.0,"Government Personnel (excluding police, military)",Government of Yemen,Officials,228.0,Yemen,,,,,,,,,Khorasan Chapter of the Islamic State,,Taliban,,,,"The specific motive is unknown; however, sources posited that the attack was related to a larger trend of sectarian violence in Afghanistan.",0.0,1.0,,0,-99.0,0.0,1.0,7.0,"Posted to website, blog, etc.",0.0,,,,,,,6,Explosives,11.0,"Projectile (rockets, mortars, RPGs, etc.)",,,,,,,,,,,,,Mortars were used in the attack.,11.0,0.0,0.0,95.0,0.0,0.0,1,3.0,Minor (likely < $1 million),-99.0,Houses were damaged in this attack.,0.0,,,,,,,,,,,,,,,,"Casualty numbers conflict across sources. Following GTD protocol, the most recent reliable estimates are reported here.","""3rd LD Writethru: 6 killed, 23 injured after blasts hit New Year celebrations in Kabul,"" Xinhua General News Service, March 21, 2019.","""Death toll rises to 11 in Kabul mortar attack 95 others wounded,"" Global English (Middle East and North Africa Financial Network), March 8, 2019.","""Singapore: Blasts strike near major political gathering in Kabul,"" Channel NewsAsia Online, March 7, 2019.",START Primary Collection,0,1,1,1,
195902,201905080006,2019,5,8,,0,,4,Afghanistan,6,South Asia,Kabul,Kabul,34.523842,69.140304,1.0,0,The incident occurred in the Shar Naw neighborhood in the 4th police district of the city.,"05/08/2019: A suicide bomber detonated an explosives-laden vehicle and assailants stormed Counterpart International, a United States (US) aid group, in the 4th Police District, Kabul, Afghanistan. At least fifteen people, including six assailants, were killed and another 20 people were injured in the attack. The Taliban claimed responsibility for the incident, noting that they targeted Counterpart International for intermixing genders and engaging in harmful Western activities.",1,1,1,0,,,0.0,1,1,3,Bombing/Explosion,2.0,Armed Assault,,,12,NGO,62.0,International NGO,Counterpart International,Office,422.0,International,,,,,,,,,,,,,,,,,Taliban,,,,,,"The Taliban claimed responsibility for the incident and stated that the attack was carried out against Counterpart International for its involvement in the intermixing of genders and ""harmful Western activities.""",0.0,,,0,5.0,0.0,1.0,8.0,Personal claim,,,,,,,,6,Explosives,15.0,Vehicle,5.0,Firearms,5.0,Unknown Gun Type,,,,,,,,,,15.0,0.0,6.0,20.0,0.0,0.0,-9,,,,,0.0,,,,,,,,,,,,,,,,"Casualty numbers conflict across sources. Following GTD protocol, the most recent reliable estimates are reported here.","""Death toll in Taliban attack on international NGO in Kabul rises to 9,"" Deutsche Presse-Agentur, May 9, 2019.","""Taliban attacks US aid group in Kabul,"" BBC, May 8, 2019.","""Death toll of Kabul attack reaches 9,"" Global English (Middle East and North Africa Financial Network), May 9, 2019.",START Primary Collection,0,1,1,1,
197827,201907190003,2019,7,19,,0,,4,Afghanistan,6,South Asia,Kabul,Kabul,34.523842,69.140304,1.0,0,The incident in the third police district of the city.,"07/19/2019: A suicide bomber detonated in front of Kabul University's southern gate as students were waiting to attend an exam in Third Police District, Kabul, Afghanistan. A second device was discovered and defused at the scene. At least nine people, including one assailant, were killed and 33 other people were injured in the blast. No group claimed responsibility for the incident; however, sources suspected the Taliban was responsible for the attack.",1,1,1,0,,,0.0,1,1,3,Bombing/Explosion,,,,,8,Educational Institution,49.0,School/University/Educational Building,Kabul University,School,4.0,Afghanistan,,,,,,,,,,,,,,,,,Taliban,,,,,,,1.0,,,0,1.0,0.0,0.0,,,,,,,,,,6,Explosives,15.0,Vehicle,6.0,Explosives,16.0,Unknown Explosive Type,,,,,,,,,,9.0,0.0,1.0,33.0,0.0,0.0,1,3.0,Minor (likely < $1 million),-99.0,Two vehicles were damaged in this attack,0.0,,,,,,,,,,,,,,,,"Casualty numbers conflict across sources. Following GTD protocol, the majority reliable estimates are reported here.","""Suicide Bombing at University Kills 10 as Violence Surges in Afghanistan,"" New York Times, July 19, 2019.","""At least 10 people said killed in Kabul university attack,"" Tolo News, July 20, 2019.","""8 killed in blast outside Kabul University,"" MENA English (Middle East and North Africa Financial Network), July 19, 2019.",START Primary Collection,0,0,0,0,
198493,201908170005,2019,8,17,,0,,4,Afghanistan,6,South Asia,Kabul,Kabul,34.523842,69.140304,1.0,0,,"08/17/2019: A suicide bomber detonated an explosives-laden vest at the Dubai City wedding hall in Kabul, Afghanistan. At least 93 civilians were killed and 142 others were injured in the blast. The Khorasan Chapter of the Islamic State claimed responsibility for the incident.",1,1,1,0,,,0.0,1,1,3,Bombing/Explosion,,,,,14,Private Citizens & Property,78.0,"Procession/Gathering (funeral, wedding, birthday, religious)",Not Applicable,Wedding,4.0,Afghanistan,,,,,,,,,,,,,,,,,Khorasan Chapter of the Islamic State,,,,,,,0.0,,,0,1.0,0.0,1.0,7.0,"Posted to website, blog, etc.",,,,,,,,6,Explosives,13.0,Suicide (carried bodily by human being),,,,,,,,,,,,,An explosives-laden vest was used in the attack.,93.0,0.0,1.0,142.0,0.0,0.0,-9,,,,,0.0,,,,,,,,,,,,,,,,"The victims included families of the groom Mirwais Elmi and bride and civilians including guest Mohammad Aslim. Casualty numbers conflict across sources. Following GTD protocol, the most recent reliable estimates are reported here.","""Death toll in Afghanistan wedding blast rises to 80,"" Al Jazeera, August 21, 2019.","""At least 63 killed in Kabul wedding blast,"" Al Jazeera, August 18, 2019.","""Islamic State Claims Responsibility for Bombing That Killed 63, Injured 182 at Afghanistan Wedding,"" Time, August 18, 2019.",START Primary Collection,0,1,0,1,
200290,201911130001,2019,11,13,,0,,4,Afghanistan,6,South Asia,Kabul,Kabul,34.523842,69.140304,1.0,0,The incident occurred in the 10th police district of the city.,"11/13/2019: A suicide bomber detonated an explosives-laden vehicle targeting a GardaWorld Security Company convoy in the 10th Police District, Kabul, Afghanistan. 13 people, including the assailant, were killed and 20 others were injured in the blast. No group claimed responsibility; however, sources attributed the attack to the Taliban.",1,1,1,0,,,0.0,1,1,3,Bombing/Explosion,,,,,1,Business,13.0,Private Security Company/Firm,GardaWorld Security Company,Convoy,38.0,Canada,14.0,Private Citizens & Property,67.0,Unnamed Civilian/Unspecified,Not Applicable,Civilians,4.0,Afghanistan,,,,,,,,,Taliban,,,,,,,0.0,,,0,-99.0,0.0,0.0,,,,,,,,,,6,Explosives,15.0,Vehicle,,,,,,,,,,,,,,13.0,0.0,1.0,20.0,0.0,0.0,1,3.0,Minor (likely < $1 million),-99.0,Three vehicles damaged,0.0,,,,,,,,,,,,,,,,,"""Afghanistan: Kabul car bomb kills 12, including kids,"" Al Jazeera, November 13, 2019.","""At least 6 killed in suicide bombing near military academy in Kabul,"" IBTimes Singapore, February 11, 2020.","""Afghanistan: Death toll in Kabul blast touches 12,"" IBNS, November 15, 2019.",START Primary Collection,0,1,1,1,
202723,202003060006,2020,3,6,,0,,4,Afghanistan,6,South Asia,Kabul,Kabul,34.523842,69.140304,1.0,0,,"03/06/2020: Assailants armed with projectiles and firearms attacked a commemoration ceremony for prominent Hazara Shia leader Anbdul Ali Mazari in Kabul, Afghanistan. At least 33 people were killed and 81 people were injured in the assault. The Khorasan Chapter of the Islamic State claimed responsibility for the incident.",1,1,1,0,,,0.0,1,0,2,Armed Assault,,,,,14,Private Citizens & Property,78.0,"Procession/Gathering (funeral, wedding, birthday, religious)",Unknown,Commemoration Ceremony for Anbdul Ali Marzari,4.0,Afghanistan,,,,,,,,,,,,,,,,,Khorasan Chapter of the Islamic State,,,,,,,0.0,,,0,2.0,0.0,1.0,7.0,"Posted to website, blog, etc.",,,,,,,,6,Explosives,7.0,Grenade,6.0,Explosives,11.0,"Projectile (rockets, mortars, RPGs, etc.)",5.0,Firearms,2.0,Automatic or Semi-Automatic Rifle,,,,,"Hand grenades, rocket-propelled grenades (RPGs), and machine guns were used in the attack.",33.0,0.0,0.0,81.0,0.0,0.0,-9,,,,,0.0,,,,,,,,,,,,,,,,"Casualty numbers conflict across sources. Following GTD protocol, the most recent reliable estimates are reported here.","""Death toll after Kabul attack rises to 33,"" dpa-AFX International ProFeed, March 7, 2020.","""ISIS release of assailants involved in deadly Kabul attack,"" MENA English (Middle East and North Africa Financial Network), March 7, 2020.","""32 civilians killed in attack on Kabul ceremony,"" Pajhwok Afghan News English, March 6, 2020.",START Primary Collection,0,1,0,1,
204216,202005120001,2020,5,12,,0,,4,Afghanistan,6,South Asia,Kabul,Kabul,34.523842,69.140304,1.0,0,The incident occurred in Dasht-e-Barchi neighborhood.,"05/12/2020: Assailants armed with firearms and grenades attacked a maternity ward in Dasht-e-Barchi, Kabul, Afghanistan. At least 24 people, including three assailants, were killed and 16 others were injured in the attack. No group claimed responsibility for the incident; however, sources attributed the attack to the Khorasan Chapter of the Islamic State. Sources also attributed the attack to the Taliban, which the group denied.",1,1,1,0,,,0.0,1,0,2,Armed Assault,,,,,12,NGO,62.0,International NGO,Doctors Without Borders (MSF),Maternity Clinic,422.0,International,14.0,Private Citizens & Property,67.0,Unnamed Civilian/Unspecified,Not Applicable,Civilians,4.0,Afghanistan,3.0,Police,25.0,Police Security Forces/Officers,Afghan Police,Officers,4.0,Afghanistan,Khorasan Chapter of the Islamic State,,Taliban,,,,,0.0,1.0,,0,3.0,0.0,0.0,,,0.0,,,,,,,6,Explosives,7.0,Grenade,5.0,Firearms,2.0,Automatic or Semi-Automatic Rifle,,,,,,,,,,24.0,0.0,3.0,16.0,0.0,0.0,1,4.0,Unknown,-99.0,Maternity ward damaged,0.0,,,,,,,,,,,,,,,,"The victims included new mothers, newborn infants, medical workers, and a police officer.","""Afghan maternity ward attackers 'came to kill the mothers',"" BBC, May 15, 2020.","""Kabul, Nangarhar attacks were carried out by Taliban: Amrullah Saleh,"" IBNS, May 17, 2020.","""US Blames IS For Kabul Maternity Attack, Urges Peace Process,"" International Business Times Australia, May 15, 2020.",START Primary Collection,0,1,1,1,
204938,202006120006,2020,6,12,,0,,4,Afghanistan,6,South Asia,Kabul,Kabul,34.523842,69.140304,1.0,0,The incident occurred in police district 3 and Karte 4 area.,"06/12/2020: Assailants detonated an explosive device during Friday prayer at Sher Shah Suri Mosque in Karte 4 area, Kabul, Afghanistan. Four people were killed, including Imam Azizullah Mofleh, while eight others were injured. The Khorasan Chapter of the Islamic State claimed responsibility for the incident. Sources also attributed the attack to the Taliban, which denied involvement.",1,1,1,0,,,0.0,1,0,3,Bombing/Explosion,,,,,15,Religious Figures/Institutions,86.0,Place of Worship,Sher Shah Suri Mosque,Mosque,4.0,Afghanistan,,,,,,,,,,,,,,,,,Taliban,,,,,,"The specific motive is unknown; however, sources suspected that the attack may have been part of an effort to disrupt the ongoing Afghan peace process.",1.0,,,0,-99.0,1.0,0.0,,,,,,,,,,6,Explosives,16.0,Unknown Explosive Type,,,,,,,,,,,,,,4.0,0.0,0.0,8.0,0.0,0.0,-9,,,,,0.0,,,,,,,,,,,,,,,,,"""Afghanistan Says It Has Arrested IS Militant Behind Clerics' Killings,"" Radio Free Europe, September 10, 2020.","""422 Security forces killed and wounded by the Taliban past week: NSC,"" Frontier Post, June 14, 2020.","""Afghanistan: Blast inside mosque kills 4, incl Imam,"" Muslim News, June 13, 2020.",START Primary Collection,0,0,0,0,
208237,202010240003,2020,10,24,,0,,4,Afghanistan,6,South Asia,Kabul,Kabul,34.523842,69.140304,1.0,0,The incident occurred in Dasht-e-Barchi area.,"10/24/2020: A suicide bomber detonated their explosives in an alley near a tutoring center in Dasht-e-Barchi, Kabul, Afghanistan. In addition to the suicide bomber, 40 civilians were killed and 70 civilians were injured during the attack. The Khorasan Chapter of the Islamic State claimed responsibility for the incident.",1,1,1,0,,,0.0,1,1,3,Bombing/Explosion,,,,,8,Educational Institution,49.0,School/University/Educational Building,Kawsa-e Danish Center,Tutoring Center,4.0,Afghanistan,,,,,,,,,,,,,,,,,Khorasan Chapter of the Islamic State,,,,,,,0.0,,,0,1.0,0.0,1.0,7.0,"Posted to website, blog, etc.",,,,,,,,6,Explosives,13.0,Suicide (carried bodily by human being),,,,,,,,,,,,,An explosives-laden vest was used in the attack.,41.0,0.0,1.0,70.0,0.0,0.0,-9,,,,,0.0,,,,,,,,,,,,,,,,"The victims included Ali Reza. Casualty number conflict across sources, Following GTD protocol, the most recent reliable estimates are here","""Deadly suicide bombing hits Kabul educational centre,"" Al Jazeera, October 24, 2020.","""At least 10 killed, 20 injured in Afghan capital blast,"" Tolo News, October 24, 2020.","""Schoolchildren among 18 killed, 57 wounded in Kabul suicide attack; toll expected to rise,"" India Today, October 24, 2020.",START Primary Collection,0,1,0,1,
208297,202010270001,2020,10,27,,0,,4,Afghanistan,6,South Asia,Kabul,Kabul,34.523842,69.140304,1.0,0,The incident occurred in Char Qala area of the 10th police district.,"10/27/2020: An explosive device detonated targeting a civilian vehicle near the Afghan Interior Ministry in the 10th Police District, Kabul, Afghanistan. Three civilians were killed and another 10 civilians were injured during the attack. The Khorasan Chapter of the Islamic State claimed responsibility for the incident.",1,1,1,0,,,0.0,1,0,3,Bombing/Explosion,,,,,14,Private Citizens & Property,78.0,"Procession/Gathering (funeral, wedding, birthday, religious)",Not Applicable,Shia Procession,4.0,Afghanistan,,,,,,,,,,,,,,,,,Khorasan Chapter of the Islamic State,,,,,,"The Khorasan Chapter of the Islamic State claimed responsibility for this incident and stated that the incident was a part of their ""Answer the Call"" campaign aimed at increasing attacks by Islamic State of Iraq and the Levant (ISIL) supporters and affiliates.",0.0,,,0,-99.0,0.0,1.0,7.0,"Posted to website, blog, etc.",,,,,,,,6,Explosives,29.0,Sticky Bomb,,,,,,,,,,,,,A magnetic explosive device attached to a car was used in the attack.,3.0,0.0,0.0,10.0,0.0,0.0,1,3.0,Minor (likely < $1 million),-99.0,Vehicle damaged,0.0,,,,,,,,,,,,,,,,"Casualty number conflict across sources, Following GTD protocol, the majority reliable estimates are here","""1st LD Writethru: 3 civilians killed, 10 injured as blast hits car in Afghan capital,"" Xinhua General News Service, October 27, 2020.","""Blast kills three civilians in Afghan capital,"" Tolo News TV website, October 27, 2020.","""Afghan War Casualty Report: October 2020,"" NYTimes.com Feed, October 8, 2020.",START Primary Collection,0,1,0,1,
